,energy,nu,nubar,tau,taubar,nc,ncbar
0,0.01,0.0,0.0,0.0,0.0,2.71092e-05,2.54505e-05
1,0.135115,0.00445713,0.00256202,0.0,0.0,0.0215248,0.0117182
2,0.26023,0.168191,0.0496117,0.0,0.0,0.0797762,0.0325101
3,0.385345,0.361239,0.0892639,0.0,0.0,0.136161,0.0511334
4,0.51046,0.538642,0.133048,0.0,0.0,0.189905,0.0714036
5,0.635576,0.717118,0.184105,0.0,0.0,0.239634,0.0921501
6,0.760691,0.871376,0.236219,0.0,0.0,0.283292,0.112613
7,0.885806,1.0009,0.289836,0.0,0.0,0.322549,0.133153
8,1.01092,1.12069,0.34479,0.0,0.0,0.359387,0.153968
9,1.13604,1.23204,0.401011,0.0,0.0,0.39525,0.17516
10,1.26115,1.3396,0.458933,0.0,0.0,0.429857,0.196413
11,1.38627,1.44092,0.514998,0.0,0.0,0.462968,0.217307
12,1.51138,1.53477,0.570712,0.0,0.0,0.494908,0.237705
13,1.6365,1.6246,0.62437,0.0,0.0,0.525865,0.257526
14,1.76161,1.71207,0.676003,0.0,0.0,0.556015,0.276706
15,1.88673,1.79771,0.726534,0.0,0.0,0.585759,0.295431
16,2.01184,1.88568,0.774296,0.0,0.0,0.615148,0.313752
17,2.13696,1.96889,0.823033,0.0,0.0,0.644086,0.331578
18,2.26207,2.05136,0.870601,0.0,0.0,0.672873,0.349071
19,2.38719,2.13358,0.917268,0.0,0.0,0.701477,0.366237
20,2.5123,2.21549,0.963186,0.0,0.0,0.729898,0.383135
21,2.63742,2.30024,1.00847,0.0,0.0,0.758202,0.399826
22,2.76253,2.38426,1.05318,0.0,0.0,0.786455,0.416307
23,2.88765,2.46758,1.09735,0.0,0.0,0.814642,0.432604
24,3.01276,2.55048,1.141,0.0,0.0,0.842753,0.448738
25,3.13788,2.63726,1.1842,0.0,0.0,0.870776,0.46473
26,3.26299,2.72149,1.22703,0.0,0.0,0.898774,0.480606
27,3.38811,2.8051,1.26953,0.0,0.0,0.926708,0.496378
28,3.51322,2.88835,1.31174,0.04302126326136534,0.009723391792984273,0.954629,0.512046
29,3.63834,2.97146,1.35373,0.05327490539778458,0.013819434316696346,0.982456,0.527634
30,3.76345,3.05439,1.39549,0.06451882438245476,0.02173376021832702,1.01024,0.54309
31,3.88857,3.13699,1.43696,0.08338212494853672,0.02842210141034481,1.03796,0.558477
32,4.01368,3.21929,1.47814,0.09565514677142264,0.03741452195447342,1.0656,0.573804
33,4.1388,3.30151,1.51913,0.11288645026811617,0.049319774861659976,1.09323,0.589076
34,4.26391,3.38365,1.55997,0.13174794330418776,0.06072965676885215,1.12092,0.604296
35,4.38903,3.46555,1.60065,0.1494713562155425,0.07214045066404742,1.14866,0.619476
36,4.51414,3.5475,1.64117,0.16720295956201173,0.08355033257123959,1.17639,0.634624
37,4.63926,3.62946,1.68162,0.18498257747626262,0.0958814022506102,1.20407,0.649746
38,4.76437,3.7116,1.72199,0.20276077438524548,0.10835099959554928,1.2317,0.664831
39,4.88949,3.79391,1.76231,0.22177272918740032,0.1208215936311881,1.25929,0.679867
40,5.0146,3.87605,1.80248,0.240993439068941,0.13472831938164295,1.28682,0.694844
41,5.13972,3.95776,1.84239,0.26021568525532407,0.15233524418492106,1.31433,0.709777
42,5.26483,4.0389,1.88207,0.28619923980210277,0.16994076178512996,1.34183,0.72468
43,5.38995,4.12061,1.92174,0.3124786147406605,0.18608876976220354,1.36932,0.739571
44,5.51507,4.20321,1.96158,0.3388646338692121,0.20223120487789156,1.3968,0.754421
45,5.64018,4.28663,2.00161,0.3668472889977767,0.2183723498373204,1.42428,0.769202
46,5.7653,4.37033,2.04168,0.3948321807705046,0.23507895395357378,1.45169,0.783983
47,5.89041,4.4538,2.08159,0.42198686799322505,0.25198872259888744,1.47904,0.798705
48,6.01553,4.53689,2.12128,0.44886151484654646,0.2688998428362916,1.50643,0.813474
49,6.14064,4.61981,2.16083,0.47573401379011304,0.2858096114816052,1.53376,0.82821
50,6.26576,4.70282,2.20032,0.5026086606434345,0.30272073171900943,1.56115,0.842936
51,6.39087,4.78613,2.23982,0.5324027849662085,0.31963050036432294,1.5885,0.857645
52,6.51599,4.86969,2.27935,0.5635024038806093,0.3392965049454223,1.61586,0.872346
53,6.6411,4.95339,2.31888,0.5945995372116567,0.35940273114106597,1.64323,0.887062
54,6.76622,5.03717,2.3584,0.6254164780254556,0.3795105644205716,1.67056,0.901723
55,6.89133,5.12096,2.39788,0.6552080954915394,0.39961679061621536,1.69787,0.916366
56,7.01645,5.20479,2.43734,0.6850020941915345,0.41972462389572096,1.72519,0.930994
57,7.14156,5.2887,2.47679,0.7147937116576182,0.43983085009136474,1.7525,0.945609
58,7.26668,5.37269,2.51621,0.7445877103576132,0.4599029035856977,1.77981,0.960217
59,7.39179,5.45676,2.55563,0.7743922211940836,0.47990302911128346,1.80711,0.974816
60,7.51691,5.54083,2.59501,0.807507976882794,0.4999047532401403,1.83438,0.989406
61,7.64202,5.62479,2.63435,0.8406210858519,0.5199048787657259,1.86161,1.00399
62,7.76714,5.70857,2.67363,0.8737368415406106,0.5399066028945829,1.88881,1.01856
63,7.89225,5.79215,2.71286,0.9068499505097165,0.5599067284201685,1.91597,1.03312
64,8.01737,5.87564,2.75204,0.9414574311947805,0.5799084525490255,1.94311,1.04767
65,8.14248,5.95923,2.79122,0.976141242507633,0.5999085780746113,1.97026,1.06222
66,8.2676,6.04304,2.83042,1.0108278260857964,0.6206421611819141,1.99744,1.07677
67,8.39271,6.12721,2.86963,1.0455116373986484,0.6420838048166362,2.02464,1.09132
68,8.51783,6.21169,2.9089,1.0850055159853464,0.6635271622746847,2.05185,1.10587
69,8.64294,6.29647,2.94824,1.125057756449796,0.6849688059094068,2.07908,1.12041
70,8.76806,6.38137,2.98758,1.1651131982762848,0.7064121633674553,2.1063,1.13495
71,8.89317,6.46619,3.02691,1.2051654387407347,0.7278538070021773,2.13351,1.14949
72,9.01829,6.55084,3.0662,1.2458312165570167,0.7492971644602259,2.16069,1.16403
73,9.1434,6.63527,3.10545,1.2866089834751797,0.7707388080949479,2.18786,1.17857
74,9.26852,6.71956,3.14467,1.3273900097464657,0.7921821655529965,2.21502,1.1931
75,9.39363,6.80379,3.1839,1.3681677766646287,0.812502649828265,2.24216,1.20763
76,9.51875,6.88806,3.22313,1.4085100926441376,0.8323429518080258,2.2693,1.22215
77,9.64386,6.97229,3.26238,1.4487304051258414,0.8521816680859017,2.29645,1.23668
78,9.76898,7.0565,3.30165,1.488953932403524,0.8720219700656624,2.32359,1.25119
79,9.89409,7.14096,3.34094,1.529174244885228,0.8918606863435383,2.35072,1.2657
80,10.0192,7.22549,3.38023,1.5679474908564244,0.9116994026214142,2.37786,1.28021
81,10.1443,7.31003,3.41951,1.6061896749619504,0.9315365331974057,2.40499,1.29471
82,10.2694,7.39459,3.45878,1.6444318590674765,0.951373663773397,2.43211,1.30921
83,10.3946,7.47914,3.49803,1.6827046124648537,0.9712266513682344,2.45923,1.3237
84,10.5197,7.56366,3.53726,1.7285950037532982,0.9916879602617668,2.48633,1.33819
85,10.6448,7.64818,3.57648,1.7781044995824484,1.0122251714680426,2.51343,1.35268
86,10.7699,7.73269,3.6157,1.8276139954115986,1.0327623826743186,2.54051,1.36717
87,10.895,7.81721,3.65493,1.8771234912407488,1.0532995938805945,2.56761,1.38162
88,11.0201,7.90172,3.69416,1.920021240379923,1.0738368050868705,2.59468,1.39605
89,11.1452,7.98624,3.7334,1.9589361574618902,1.0943740162931468,2.6217,1.41051
90,11.2704,8.07077,3.77267,1.9978821815918841,1.114927644135079,2.64871,1.425
91,11.3955,8.15532,3.81196,2.036797098673851,1.135464855341355,2.67576,1.43944
92,11.5206,8.23988,3.85126,2.07455451203581,1.156002066547631,2.70282,1.45387
93,11.6457,8.32445,3.89057,2.1114392230055463,1.176539277753907,2.72983,1.46834
94,11.7708,8.40905,3.9299,2.148323933975283,1.1970764889601828,2.75684,1.48282
95,11.8959,8.49368,3.96923,2.185208644945019,1.2177114670502194,2.78386,1.49729
96,12.0211,8.57832,4.00856,2.222122840096186,1.2384719798835269,2.8109,1.51176
97,12.1462,8.66297,4.0479,2.2647050987751944,1.259215910837574,2.83793,1.52623
98,12.2713,8.74763,4.08724,2.3076706552247477,1.2799598417916214,2.86495,1.54069
99,12.3964,8.83231,4.12659,2.350636211674301,1.3007037727456687,2.89196,1.55516
100,12.5215,8.91698,4.16594,2.393601768123854,1.3214477036997159,2.91897,1.56962
101,12.6466,9.00165,4.2053,2.4365673245734074,1.3421916346537632,2.946,1.5841
102,12.7717,9.08632,4.24466,2.4826640804854505,1.3629355656078106,2.97302,1.59858
103,12.8969,9.17098,4.28403,2.529993821341475,1.3836960784411179,3.00003,1.61305
104,13.022,9.25564,4.3234,2.577285758890106,1.4044400093951652,3.02703,1.62751
105,13.1471,9.3403,4.36278,2.624577696438737,1.4251839403492124,3.05402,1.64196
106,13.2722,9.42497,4.40217,2.671869633987368,1.4459278713032597,3.08102,1.65642
107,13.3973,9.50965,4.44156,2.720594159277192,1.466671802257307,3.10801,1.67088
108,13.5224,9.59434,4.48097,2.770687817405655,1.4874157332113542,3.135,1.68534
109,13.6475,9.67904,4.52037,2.8207814755341185,1.509953802345843,3.16198,1.69979
110,13.7727,9.76376,4.55979,2.87091517655477,1.5347497611587546,3.18897,1.71425
111,13.8978,9.8485,4.59921,2.9210088346832332,1.559525914892742,3.21595,1.72871
112,14.0229,9.93325,4.63864,2.971102492811696,1.5843020686267295,3.24293,1.74318
113,14.148,10.018,4.67809,3.019524604771015,1.609078222360717,3.2699,1.75764
114,14.2731,10.1028,4.71754,3.0577134614329493,1.6338543760947046,3.29687,1.7721
115,14.3982,10.1876,4.757,3.0959023180948835,1.658630529828692,3.32383,1.78657
116,14.5234,10.2723,4.79647,3.1341217014208165,1.683426488641604,3.35079,1.80103
117,14.6485,10.3571,4.83595,3.17231055808275,1.7046630564140888,3.37774,1.8155
118,14.7736,10.4419,4.87544,3.2104994147446844,1.72568307615943,3.40469,1.82997
119,14.8987,10.5267,4.91494,3.2560967430366774,1.7467030959047711,3.43163,1.84443
120,15.0238,10.6115,4.95445,3.3022689693930674,1.7677231156501123,3.45856,1.8589
121,15.1489,10.6963,4.99396,3.3484411957494578,1.7887431353954537,3.48549,1.87336
122,15.274,10.7811,5.03348,3.394613422105848,1.8097631551407949,3.51241,1.88782
123,15.3992,10.8659,5.07301,3.44082255671672,1.8307999774598738,3.53932,1.90228
124,15.5243,10.9507,5.11254,3.4870454681741108,1.851819997205215,3.56623,1.91674
125,15.6494,11.0354,5.15206,3.5335895044423933,1.8728400169505561,3.59314,1.93119
126,15.7745,11.1202,5.19159,3.580133540710676,1.898674585092877,3.62005,1.94565
127,15.8996,11.205,5.23112,3.626677576978958,1.9256561643208252,3.64695,1.96011
128,16.0247,11.2898,5.27065,3.6732216132472404,1.9526377435487734,3.67386,1.97457
129,16.1498,11.3745,5.31017,3.719765649515523,1.9796193227767216,3.70077,1.98903
130,16.275,11.4593,5.3497,3.7663468912484483,2.006622470013645,3.72768,2.00349
131,16.4001,11.544,5.38922,3.8128909275167304,2.0336040492415934,3.7546,2.01796
132,16.5252,11.6288,5.42874,3.8708052906437005,2.0605856284695423,3.78152,2.03243
133,16.6503,11.7135,5.46828,3.9360840608990575,2.0875672076974907,3.80844,2.04691
134,16.7754,11.7983,5.50784,4.001362831154415,2.1145487869254387,3.83536,2.06138
135,16.9005,11.883,5.54741,4.066641601409772,2.141530366153387,3.86229,2.07586
136,17.0257,11.9678,5.58699,4.1319725529363165,2.1683399002558437,3.88921,2.09034
137,17.1508,12.0526,5.62658,4.197251323191674,2.190744429144539,3.91613,2.10482
138,17.2759,12.1374,5.66619,4.262530093447031,2.213148958033235,3.94304,2.1193
139,17.401,12.2222,5.70581,4.318634684681114,2.2355534869219307,3.96995,2.13379
140,17.5261,12.307,5.74544,4.369944395861899,2.2579580158106265,3.99685,2.14827
141,17.6512,12.3918,5.78509,4.421254107042685,2.280362544699322,4.02375,2.16275
142,17.7763,12.4766,5.82475,4.47256381822347,2.3027670735880177,4.05064,2.17723
143,17.9015,12.5614,5.86442,4.523914544361235,2.3251895117723875,4.07752,2.19171
144,18.0266,12.6462,5.90411,4.575224255542021,2.3475940406610833,4.1044,2.20618
145,18.1517,12.731,5.94381,4.626533966722808,2.375774479829342,4.13127,2.22066
146,18.2768,12.8159,5.98351,4.6823124026799485,2.4046954448475883,4.15814,2.23514
147,18.4019,12.9007,6.02322,4.739946481875722,2.433616409865835,4.18501,2.24963
148,18.527,12.9855,6.06294,4.797580561071497,2.4625373748840813,4.21187,2.26411
149,18.6522,13.0703,6.10267,4.855260710674302,2.4914814581797207,4.23873,2.27859
150,18.7773,13.155,6.1424,4.9128947898700766,2.520402423197967,4.2656,2.29308
151,18.9024,13.2398,6.18214,4.97052886906585,2.5491958738176432,4.29246,2.30757
152,19.0275,13.3246,6.22188,5.028162948261625,2.5745246949397687,4.31933,2.32207
153,19.1526,13.4094,6.26164,5.085797027457399,2.599853516061894,4.3462,2.33656
154,19.2777,13.4942,6.30139,5.133850927363938,2.625182337184019,4.37306,2.35106
155,19.4028,13.579,6.34115,5.175462851364946,2.6505111583061445,4.39993,2.36557
156,19.528,13.6638,6.38092,5.217108038294811,2.67586022628768,4.4268,2.38007
157,19.6531,13.7486,6.42069,5.258719962295819,2.7011890474098053,4.45367,2.39457
158,19.7782,13.8335,6.46047,5.300331886296826,2.7265178685319302,4.48053,2.40908
159,19.9033,13.9183,6.50025,5.341943810297835,2.751846689654056,4.5074,2.42359
160,20.0284,14.0031,6.54004,5.3835557342988425,2.7789649702391155,4.53425,2.43809
161,20.1535,14.0879,6.57984,5.42516765829985,2.8075280193249865,4.56111,2.45259
162,20.2786,14.1727,6.61965,5.479508470840639,2.8360910684108576,4.58795,2.4671
163,20.4038,14.2575,6.65946,5.547190102889949,2.864676949670258,4.6148,2.48159
164,20.5289,14.3424,6.69928,5.614817676127717,2.893239998756129,4.64163,2.49609
165,20.654,14.4272,6.73911,5.682445249365485,2.921803047842,4.66845,2.51058
166,20.7791,14.512,6.77895,5.750072822603253,2.950366096927871,4.69527,2.52507
167,20.9042,14.5968,6.81879,5.817700395841022,2.9789291460137415,4.72209,2.53956
168,21.0293,14.6816,6.85864,5.88532796907879,3.007485780846006,4.74891,2.55406
169,21.1545,14.7664,6.8985,5.953009601128098,3.036055506518502,4.77571,2.56855
170,21.2796,14.8512,6.93837,6.015762956820259,3.064602412921291,4.80251,2.58303
171,21.4047,14.936,6.97824,6.070611475741439,3.0931493193240804,4.82929,2.5975
172,21.5298,15.0208,7.01812,6.125459994662619,3.12169622572687,4.85606,2.61196
173,21.6549,15.1056,7.05801,6.180308513583799,3.1502431321296593,4.88282,2.62642
174,21.78,15.1904,7.0979,6.235157032504978,3.1787900385324486,4.90959,2.64089
175,21.9051,15.2752,7.1378,6.290005551426158,3.207336944935238,4.93637,2.65537
176,22.0303,15.3599,7.1777,6.344897914087482,3.2365713671224894,4.96316,2.66987
177,22.1554,15.4447,7.21761,6.399746433008661,3.2662875343413615,4.98996,2.68437
178,22.2805,15.5295,7.25752,6.454594951929841,3.2960037015602333,5.01675,2.69887
179,22.4056,15.6142,7.29743,6.50944347085102,3.325719868779105,5.04352,2.71336
180,22.5307,15.699,7.33735,6.564291989772199,3.3554360359979767,5.07029,2.72785
181,22.6558,15.7837,7.37727,6.620801537543203,3.3851522032168484,5.09706,2.74233
182,22.781,15.8685,7.4172,6.680108796527174,3.4148921243663506,5.12383,2.75683
183,22.9061,15.9532,7.45713,6.739368685495981,3.4446082915852223,5.15062,2.77133
184,23.0312,16.0379,7.49706,6.798628574464788,3.4743244588040945,5.17741,2.78585
185,23.1563,16.1227,7.53701,6.857888463433596,3.5044693278606442,5.2042,2.80037
186,23.2814,16.2074,7.57695,6.917148352402404,3.5351739102428583,5.23098,2.81488
187,23.4065,16.2922,7.61691,6.976408241371211,3.5658784926250724,5.25777,2.8294
188,23.5316,16.3769,7.65687,7.035668130340018,3.5965830750072865,5.28454,2.84391
189,23.6568,16.4617,7.69685,7.094975389323989,3.627312201420182,5.31132,2.85842
190,23.7819,16.5465,7.73683,7.154613819886883,3.6580167838023963,5.33809,2.87293
191,23.907,16.6313,7.77682,7.217309239489694,3.6887213661846103,5.36486,2.88743
192,24.0321,16.7161,7.81682,7.280004659092505,3.7194259485668244,5.39162,2.90194
193,24.1572,16.8009,7.85684,7.342700078695316,3.7501305309490385,5.41838,2.91644
194,24.2823,16.8858,7.89686,7.405395498298127,3.7740886832116285,5.44513,2.93094
195,24.4074,16.9706,7.9369,7.468090917900938,3.797703077175051,5.47189,2.94544
196,24.5326,17.0555,7.97695,7.530836453746436,3.821336347552513,5.49863,2.95993
197,24.6577,17.1403,8.017,7.593531873349247,3.8449507415159356,5.52538,2.97443
198,24.7828,17.2252,8.05707,7.649498906113375,3.868565135479359,5.55213,2.98894
199,24.9079,17.3101,8.09714,7.700609158088155,3.8921795294427817,5.57889,3.00344
200,25.033,17.3949,8.13722,7.751719410062936,3.9157939234062042,5.60564,3.01796
201,25.1581,17.4798,8.1773,7.802829662037716,3.939408317369627,5.63239,3.03247
202,25.2833,17.5646,8.21738,7.853980769529663,3.963846453437317,5.65913,3.04698
203,25.4084,17.6495,8.25747,7.905091021504444,3.9930565672538973,5.68587,3.06149
204,25.5335,17.7343,8.29756,7.956201273479225,4.022266681070478,5.71261,3.076
205,25.6586,17.8191,8.33766,8.007311525454005,4.0514767948870585,5.73934,3.09052
206,25.7837,17.9038,8.37776,8.058421777428787,4.0806869087036395,5.76608,3.10503
207,25.9088,17.9886,8.41785,8.109532029403567,4.1098970225202205,5.79281,3.11955
208,26.0339,18.0733,8.45795,8.170729866056009,4.139107136336801,5.81954,3.13407
209,26.1591,18.1581,8.49805,8.235628134266886,4.168340599564905,5.84627,3.1486
210,26.2842,18.2427,8.53815,8.300474566800279,4.197550713381486,5.873,3.16313
211,26.4093,18.3274,8.57825,8.365320999333674,4.2277986583603235,5.89973,3.17767
212,26.5344,18.4121,8.61835,8.430167431867067,4.2601034850443025,5.92645,3.1922
213,26.6595,18.4967,8.65846,8.49501386440046,4.292408311728281,5.95318,3.20674
214,26.7846,18.5814,8.69858,8.559860296933854,4.32471313841226,5.97991,3.22128
215,26.9097,18.666,8.7387,8.624706729467247,4.35701796509624,6.00663,3.23582
216,27.0349,18.7506,8.77882,8.689604997678124,4.389348614983004,6.03335,3.25037
217,27.16,18.8353,8.81895,8.754451430211518,4.421653441666983,6.06007,3.26491
218,27.2851,18.9199,8.85909,8.8174947320808,4.453958268350962,6.08679,3.27946
219,27.4102,19.0045,8.89923,8.876515930294216,4.486263095034941,6.11351,3.294
220,27.5353,19.0891,8.93938,8.935537128507631,4.515124292227061,6.14023,3.30855
221,27.6604,19.1738,8.97954,8.994558326721046,4.5433927297449035,6.16695,3.3231
222,27.7856,19.2584,9.01971,9.05362670414966,4.571683763935421,6.19366,3.33764
223,27.9107,19.3431,9.05989,9.112647902363078,4.599952201453263,6.22038,3.35218
224,28.0358,19.4277,9.10008,9.171669100576493,4.628220638971104,6.24709,3.36673
225,28.1609,19.5124,9.14028,9.230690298789911,4.656489076488947,6.2738,3.38127
226,28.286,19.5971,9.18048,9.289711497003326,4.684757514006789,6.30051,3.39581
227,28.4111,19.6818,9.2207,9.348732695216743,4.713025951524631,6.32721,3.41035
228,28.5362,19.7665,9.26092,9.418525778020818,4.741225710182685,6.35391,3.42489
229,28.6614,19.8512,9.30115,9.500870996862659,4.767977916509698,6.38061,3.43944
230,28.7865,19.9359,9.34139,9.583150444762934,4.794708755259772,6.40731,3.45398
231,28.9116,20.0206,9.38164,9.665429892663207,4.8214395940098465,6.434,3.46852
232,29.0367,20.1053,9.4219,9.747709340563482,4.848170432759921,6.46069,3.48306
233,29.1618,20.19,9.46215,9.829988788463755,4.874901271509995,6.48738,3.4976
234,29.2869,20.2747,9.50242,9.91226823636403,4.90163211026007,6.51406,3.51214
235,29.4121,20.3594,9.54269,9.99461345520587,4.928384316587082,6.54075,3.52668
236,29.5372,20.4441,9.58296,10.037449790567138,4.955115155337157,6.56742,3.54122
237,29.6623,20.5288,9.62324,10.07752303487671,4.988049684180736,6.59409,3.55576
238,29.7874,20.6135,9.66352,10.117596279186285,5.021754682503901,6.62076,3.5703
239,29.9125,20.6982,9.70381,10.157669523495858,5.055459680827065,6.64742,3.58484
240,30.0376,20.7829,9.7441,10.197742767805432,5.089164679150228,6.67408,3.59939
241,30.1627,20.8676,9.78439,10.237816012115005,5.122869677473392,6.70074,3.61393
242,30.2879,20.9522,9.82468,10.27792128939365,5.156601618241258,6.72739,3.62848
243,30.413,21.0369,9.86498,10.317994533703223,5.190306616564421,6.75404,3.64302
244,30.5381,21.1215,9.90528,10.37614786384348,5.224011614887585,6.78069,3.65757
245,30.6632,21.2062,9.94559,10.438113054018736,5.25173105152267,6.80734,3.67212
246,30.7883,21.2908,9.98589,10.500078244193993,5.277276715521036,6.83398,3.68666
247,30.9134,21.3755,10.0262,10.56204343436925,5.302822379519401,6.86063,3.70121
248,31.0385,21.4601,10.0665,10.624008624544507,5.328368043517766,6.88727,3.71576
249,31.1637,21.5448,10.1068,10.686023347245884,5.353934127711173,6.91391,3.73031
250,31.2888,21.6294,10.1471,10.747988537421142,5.379479791709538,6.94055,3.74486
251,31.4139,21.714,10.1875,10.8099537275964,5.405025455707904,6.96719,3.75942
252,31.539,21.7986,10.2278,10.871918917771657,5.432345001777914,6.99383,3.77398
253,31.6641,21.8832,10.2681,10.933884107946914,5.465597058200785,7.02047,3.78853
254,31.7892,21.9679,10.3085,10.99584929812217,5.498849114623657,7.04712,3.80309
255,31.9144,22.0525,10.3488,11.067614023775633,5.532127751427362,7.07376,3.81764
256,32.0395,22.1371,10.3891,11.141443577670593,5.565379807850233,7.10041,3.8322
257,32.1646,22.2217,10.4295,11.215273131565558,5.598631864273105,7.12707,3.84675
258,32.2897,22.3063,10.4698,11.289102685460524,5.631883920695977,7.15372,3.8613
259,32.4148,22.3908,10.5102,11.362932239355485,5.665135977118848,7.18037,3.87586
260,32.5399,22.4754,10.5505,11.436761793250449,5.69612296122962,7.20703,3.89043
261,32.665,22.56,10.5909,11.51059134714541,5.726258439625973,7.23367,3.90501
262,32.7902,22.6446,10.6312,11.584479917470345,5.756418007133753,7.26032,3.91961
263,32.9153,22.7292,10.6716,11.65830947136531,5.786553485530107,7.28697,3.93422
264,33.0404,22.8138,10.712,11.73213902526027,5.816688963926459,7.31362,3.94884
265,33.1655,22.8984,10.7524,11.799209661356038,5.846824442322813,7.34028,3.96346
266,33.2906,22.9829,10.7928,11.866109789210153,5.876959920719165,7.36696,3.97808
267,33.4157,23.0675,10.8332,11.933009917064272,5.907095399115518,7.39364,3.9927
268,33.5409,23.1521,10.8736,11.999963522238815,5.937254966623299,7.42035,4.00731
269,33.666,23.2367,10.914,12.06686365009293,5.967390445019651,7.44706,4.02191
270,33.7911,23.3213,10.9544,12.13376377794705,5.997852871800385,7.47377,4.03649
271,33.9162,23.4059,10.9948,12.20066390580117,6.02912456024346,7.50049,4.05106
272,34.0413,23.4904,11.0353,12.267564033655285,6.060396248686534,7.52719,4.06561
273,34.1664,23.575,11.0757,12.334464161509404,6.09166793712961,7.55388,4.08013
274,34.2915,23.6596,11.1161,12.401364289363519,6.122939625572683,7.58055,4.09463
275,34.4167,23.7442,11.1566,12.468317894538062,6.15423631136863,7.60721,4.10913
276,34.5418,23.8287,11.197,12.535618959088836,6.185507999811705,7.63385,4.12364
277,34.6669,23.9133,11.2375,12.603541734975527,6.216779688254778,7.66049,4.13817
278,34.792,23.9979,11.2779,12.671464510862224,6.248051376697854,7.68711,4.15273
279,34.9171,24.0825,11.3184,12.739387286748917,6.27838103491542,7.71373,4.16734
280,35.0422,24.167,11.3589,12.807310062635612,6.307687186383333,7.74034,4.18198
281,35.1673,24.2516,11.3993,12.875232838522304,6.3369933378512435,7.76695,4.19664
282,35.2925,24.3361,11.4398,12.943209909193879,6.366322915499385,7.79356,4.21129
283,35.4176,24.4207,11.4803,13.011132685080575,6.395629066967297,7.82017,4.22593
284,35.5427,24.5053,11.5208,13.079055460967272,6.424935218435209,7.84679,4.24054
285,35.6678,24.5898,11.5613,13.146978236853963,6.45424136990312,7.87342,4.25511
286,35.7929,24.6744,11.6017,13.21490101274066,6.483547521371032,7.90006,4.26964
287,35.918,24.7589,11.6422,13.28282378862735,6.515843320569456,7.92669,4.28415
288,36.0432,24.8435,11.6827,13.346659577541413,6.54977884771462,7.95331,4.29865
289,36.1683,24.928,11.7232,13.396535539008337,6.583687269806156,7.97992,4.31316
290,36.2934,25.0125,11.7638,13.446411500475259,6.617595691897691,8.0065,4.32768
291,36.4185,25.0969,11.8044,13.496287461942185,6.651504113989226,8.03305,4.34222
292,36.5436,25.1814,11.8449,13.546163423409107,6.685412536080761,8.05958,4.35679
293,36.6687,25.2659,11.8854,13.59603938487603,6.719320958172296,8.0861,4.37137
294,36.7938,25.3503,11.9258,13.645915346342953,6.75322938026383,8.11261,4.38596
295,36.919,25.4349,11.9661,13.695831176683951,6.787164907408996,8.13913,4.40056
296,37.0441,25.5194,12.0065,13.745707138150877,6.820327109246792,8.16566,4.41516
297,37.1692,25.6039,12.0469,13.803714918847373,6.8533492023000955,8.1922,4.42976
298,37.2943,25.6883,12.0876,13.86860607891269,6.886371295353402,8.21877,4.44435
299,37.4194,25.7726,12.1285,13.933497238978006,6.919393388406708,8.24535,4.45894
300,37.5445,25.8569,12.1698,13.99838839904332,6.9524154814600125,8.27194,4.47352
301,37.6696,25.9412,12.2113,14.063279559108636,6.985437574513318,8.29854,4.4881
302,37.7948,26.0255,12.2528,14.128222590604858,7.01848606412382,8.32514,4.50269
303,37.9199,26.1101,12.2941,14.193113750670172,7.051508157177125,8.35173,4.51727
304,38.045,26.195,12.335,14.258004910735488,7.084530250230431,8.37832,4.53186
305,38.1701,26.2802,12.3753,14.322896070800802,7.11818538511692,8.4049,4.54645
306,38.2952,26.3657,12.4152,14.387787230866119,7.1528694264906,8.43148,4.56104
307,38.4203,26.4511,12.4548,14.453048062283367,7.187553467864277,8.45805,4.57563
308,38.5455,26.5364,12.4944,14.521182376756606,7.222265234291013,8.48462,4.59022
309,38.6706,26.6212,12.5341,14.589262270850876,7.256949275664693,8.51119,4.60481
310,38.7957,26.7055,12.5741,14.65734216494514,7.291633317038371,8.53776,4.61941
311,38.9208,26.7894,12.6145,14.72542205903941,7.326317358412051,8.56433,4.634
312,39.0459,26.8729,12.6551,14.793501953133678,7.361001399785731,8.5909,4.64859
313,39.171,26.9564,12.6959,14.861581847227944,7.38598314630271,8.61747,4.66319
314,39.2961,27.04,12.7367,14.929661741322212,7.409610467609076,8.64404,4.67778
315,39.4213,27.1238,12.7774,14.997796055795451,7.433256675663087,8.67061,4.69238
316,39.5464,27.208,12.8181,15.065875949889717,7.456883996969452,8.69717,4.70697
317,39.6715,27.2924,12.8587,15.133955843983985,7.480511318275818,8.72374,4.72157
318,39.7966,27.3771,12.8993,15.204747661163513,7.504138639582182,8.7503,4.73616
319,39.9217,27.4618,12.9398,15.27675169259638,7.527765960888548,8.77686,4.75076
320,40.0468,27.5465,12.9804,15.348755724029242,7.551393282194912,8.80342,4.76536
321,40.172,27.6311,13.021,15.42081731264151,7.575039490248924,8.82998,4.77996
322,40.2971,27.7157,13.0617,15.492821344074377,7.59866681155529,8.85654,4.79455
323,40.4222,27.8003,13.1023,15.564825375507239,7.622294132861654,8.88309,4.80915
324,40.5473,27.8848,13.143,15.636829406940105,7.653699936178068,8.90965,4.82375
325,40.6724,27.9693,13.1837,15.708833438372974,7.694249327567624,8.9362,4.83835
326,40.7975,28.0538,13.2243,15.780837469805835,7.734798718957178,8.96275,4.85295
327,40.9226,28.1383,13.265,15.852841501238702,7.775348110346734,8.9893,4.86755
328,41.0478,28.2229,13.3057,15.92490308985097,7.815929915318534,9.01585,4.88215
329,41.1729,28.3075,13.3464,15.996907121283833,7.8564793067080885,9.0424,4.89675
330,41.298,28.392,13.387,16.068911152716698,7.897028698097645,9.06895,4.91135
331,41.4231,28.4766,13.4277,16.140915184149563,7.937578089487198,9.09549,4.92596
332,41.5482,28.5611,13.4684,16.205244677437776,7.978127480876755,9.12203,4.94056
333,41.6733,28.6456,13.5091,16.26754349544352,8.018676872266308,9.14857,4.95517
334,41.7984,28.7302,13.5498,16.329842313449266,8.059014963971098,9.17511,4.96977
335,41.9236,28.8147,13.5905,16.392190930670044,8.08893656083339,9.20165,4.98437
336,42.0487,28.8992,13.6312,16.454489748675783,8.118834258656657,9.22819,4.99897
337,42.1738,28.9836,13.6719,16.51678856668153,8.148731956479924,9.25472,5.01357
338,42.2989,29.0681,13.7126,16.579087384687277,8.17862965430319,9.28126,5.02816
339,42.424,29.1525,13.7533,16.64138620269302,8.208527352126456,9.3078,5.04275
340,42.5491,29.2369,13.794,16.703685020698767,8.238425049949724,9.33433,5.05734
341,42.6743,29.3214,13.8347,16.766033637919545,8.268346646812017,9.36086,5.07193
342,42.7994,29.4057,13.8754,16.82833245592529,8.298244344635282,9.38739,5.08652
343,42.9245,29.4901,13.9161,16.89063127393103,8.32814204245855,9.41391,5.10111
344,43.0496,29.5744,13.9568,16.95358490628802,8.358039740281816,9.44043,5.11571
345,43.1747,29.6588,13.9975,17.0292650973963,8.387937438105082,9.46694,5.13031
346,43.2998,29.7431,14.0382,17.104945288504577,8.417835135928348,9.49345,5.14492
347,43.4249,29.8274,14.0789,17.180625479612857,8.448760526860427,9.51995,5.15952
348,43.5501,29.9117,14.1196,17.256366166477413,8.48033252336774,9.54646,5.17413
349,43.6752,29.9959,14.1603,17.33204635758569,8.511879302625445,9.57296,5.18874
350,43.8003,30.0802,14.201,17.40772654869397,8.543426081883151,9.59946,5.20335
351,43.9254,30.1645,14.2417,17.48340673980225,8.574972861140859,9.62595,5.21796
352,44.0505,30.2487,14.2824,17.559086930910524,8.606519640398563,9.65245,5.23256
353,44.1756,30.3329,14.3232,17.634767122018804,8.63806641965627,9.67895,5.24716
354,44.3008,30.4171,14.3639,17.710507808883364,8.669638416163583,9.70544,5.26176
355,44.4259,30.5014,14.4046,17.785735527488455,8.701185195421289,9.73194,5.27636
356,44.551,30.5856,14.4453,17.851326084393072,8.732731974678995,9.75844,5.29095
357,44.6761,30.6698,14.486,17.916916641297686,8.772241443665335,9.78494,5.30555
358,44.8012,30.754,14.5268,17.982507198202303,8.813304979297225,9.81143,5.32015
359,44.9263,30.8382,14.5675,18.048097755106912,8.854368514929115,9.83793,5.33476
360,45.0514,30.9224,14.6082,18.11368831201153,8.895432050561007,9.86443,5.34937
361,45.1766,31.0066,14.649,18.179331299417267,8.936528410761747,9.89093,5.36398
362,45.3017,31.0908,14.6897,18.24492185632188,8.977591946393638,9.91743,5.37859
363,45.4268,31.175,14.7304,18.310512413226498,9.018655482025528,9.94393,5.39321
364,45.5519,31.2592,14.7712,18.376102970131114,9.05971901765742,9.97043,5.40782
365,45.677,31.3434,14.8119,18.441693527035728,9.10078255328931,9.99692,5.42244
366,45.8021,31.4276,14.8527,18.507284083940345,9.141561420552986,10.0234,5.43706
367,45.9272,31.5118,14.8934,18.572874640844958,9.176864016500728,10.0499,5.45168
368,46.0524,31.596,14.9342,18.638517628250696,9.21219483194963,10.0764,5.4663
369,46.1775,31.6803,14.975,18.691070228317056,9.247497427897374,10.1029,5.48092
370,46.3026,31.7645,15.0158,18.738646805288553,9.282800023845116,10.1294,5.49554
371,46.4277,31.8488,15.0565,18.786223382260054,9.318102619792862,10.1559,5.51015
372,46.5528,31.933,15.0973,18.833799959231552,9.353405215740604,10.1824,5.52477
373,46.6779,32.0172,15.1381,18.881376536203053,9.388707811688349,10.2089,5.53939
374,46.8031,32.1015,15.1789,18.928991144011462,9.42403862713725,10.2354,5.55402
375,46.9282,32.1858,15.2197,18.97656772098296,9.459341223084992,10.2618,5.56864
376,47.0533,32.27,15.2605,19.02414429795446,9.494643819032738,10.2883,5.58326
377,47.1784,32.3543,15.3013,19.071720874925962,9.529946414980483,10.3148,5.59788
378,47.3035,32.4385,15.3421,19.11929745189746,9.565249010928227,10.3413,5.61251
379,47.4286,32.5228,15.3829,19.16687402886896,9.600551606875971,10.3678,5.62713
380,47.5537,32.6071,15.4237,19.214450605840458,9.635854202823714,10.3943,5.64176
381,47.6789,32.6913,15.4645,19.262065213648867,9.666715804583443,10.4208,5.65639
382,47.804,32.7756,15.5054,19.343156177924723,9.695596649284559,10.4472,5.67101
383,47.9291,32.8599,15.5462,19.424863576011422,9.72447749398567,10.4737,5.68564
384,48.0542,32.9441,15.587,19.50657097409813,9.753358338686784,10.5002,5.70027
385,48.1793,33.0284,15.6279,19.588278372184828,9.782239183387897,10.5267,5.71489
386,48.3044,33.1127,15.6687,19.66998577027153,9.811120028089011,10.5532,5.72952
387,48.4295,33.1969,15.7095,19.75169316835823,9.840000872790124,10.5796,5.74415
388,48.5547,33.2812,15.7504,19.833465880112467,9.868904803698033,10.6061,5.75877
389,48.6798,33.3655,15.7912,19.915173278199173,9.897785648399147,10.6326,5.7734
390,48.8049,33.4498,15.8321,19.996880676285876,9.934219787797229,10.6591,5.78803
391,48.93,33.534,15.8729,20.078588074372576,9.976559817162432,10.6855,5.80267
392,49.0551,33.6183,15.9138,20.160295472459282,10.018899846527638,10.712,5.8173
393,49.1802,33.7026,15.9546,20.237916632963046,10.061239875892841,10.7385,5.83193
394,49.3054,33.7868,15.9955,20.309409133513533,10.10361375020558,10.7649,5.84656
395,49.4305,33.8711,16.0364,20.380844531427798,10.145953779570787,10.7914,5.8612
396,49.5556,33.9553,16.0772,20.45227992934206,10.18829380893599,10.8179,5.87583
397,49.6807,34.0396,16.1181,20.523715327256323,10.230633838301197,10.8443,5.89046
398,49.8058,34.1239,16.159,20.595150725170583,10.2729738676664,10.8708,5.90509
399,49.9309,34.2081,16.1998,20.666586123084848,10.315313897031606,10.8973,5.91972
400,50.056,34.2924,16.2407,20.73802152099911,10.357653926396809,10.9237,5.93435
401,50.1812,34.3766,16.2816,20.809514021549592,10.3879429072654,10.9502,5.94898
402,50.3063,34.4609,16.3225,20.880949419463857,10.415099041344204,10.9766,5.9636
403,50.4314,34.5451,16.3634,20.952384817378118,10.442255175423009,11.003,5.97823
404,50.5565,34.6294,16.4043,21.023820215292382,10.469411309501814,11.0295,5.99285
405,50.6816,34.7136,16.4452,21.095255613206646,10.496567443580618,11.0559,6.00748
406,50.8067,34.7978,16.486,21.166691011120907,10.523723577659423,11.0824,6.0221
407,50.9319,34.882,16.5269,21.24332753281412,10.550901419279457,11.1088,6.03672
408,51.057,34.9663,16.5678,21.325086493561592,10.578057553358262,11.1352,6.05134
409,51.1821,35.0505,16.6087,21.406845454309057,10.605213687437065,11.1617,6.06596
410,51.3072,35.1347,16.6496,21.48860441505653,10.632369821515871,11.1881,6.08058
411,51.4323,35.2189,16.6906,21.570363375803996,10.661209579944911,11.2145,6.09521
412,51.5574,35.3031,16.7315,21.652122336551468,10.693094008752501,11.2409,6.10983
413,51.6825,35.3873,16.7724,21.733881297298936,10.72497843756009,11.2673,6.12445
414,51.8077,35.4715,16.8133,21.815705612931094,10.756888353521001,11.2938,6.13907
415,51.9328,35.5557,16.8542,21.897464573678565,10.788772782328591,11.3202,6.15369
416,52.0579,35.6399,16.8951,21.979223534426033,10.82065721113618,11.3466,6.16831
417,52.183,35.7241,16.936,22.060982495173505,10.85254163994377,11.373,6.18293
418,52.3081,35.8083,16.977,22.142741455920977,10.88442606875136,11.3994,6.19755
419,52.4332,35.8925,17.0179,22.22450041666844,10.916310497558946,11.4258,6.21218
420,52.5583,35.9767,17.0588,22.2873431989683,10.949634565212826,11.4522,6.2268
421,52.6835,36.0608,17.0997,22.344114533109167,10.988054318569043,11.4786,6.24142
422,52.8086,36.145,17.1407,22.400840522733947,11.0264433852213,11.505,6.25604
423,52.9337,36.2291,17.1816,22.45756651235873,11.06483245187356,11.5315,6.27066
424,53.0588,36.3133,17.2225,22.51429250198351,11.103221518525817,11.5579,6.28528
425,53.1839,36.3974,17.2635,22.571018491608292,11.141610585178078,11.5843,6.2999
426,53.309,36.4816,17.3044,22.627744481233073,11.179999651830336,11.6107,6.31453
427,53.4342,36.5657,17.3453,22.68451581537394,11.218419405186552,11.6371,6.32915
428,53.5593,36.6498,17.3863,22.741241804998722,11.256808471838813,11.6635,6.34378
429,53.6844,36.734,17.4272,22.797967794623503,11.29519753849107,11.6899,6.3584
430,53.8095,36.8181,17.4682,22.854693784248283,11.33358660514333,11.7163,6.37303
431,53.9346,36.9022,17.5091,22.911419773873067,11.366737122753664,11.7427,6.38765
432,54.0597,36.9863,17.5501,22.968252189111197,11.39842981751367,11.7691,6.40228
433,54.1848,37.0704,17.591,23.032678558047536,11.430122512273677,11.7955,6.41691
434,54.31,37.1545,17.632,23.097156426879106,11.46184054092238,11.8219,6.43153
435,54.4351,37.2386,17.6729,23.16158279581544,11.493533235682385,11.8483,6.44616
436,54.5602,37.3227,17.7139,23.22600916475178,11.525225930442394,11.8747,6.46079
437,54.6853,37.4068,17.7548,23.290435533688115,11.5569186252024,11.901,6.47543
438,54.8104,37.4909,17.7958,23.354861902624453,11.588611319962407,11.9274,6.49006
439,54.9355,37.575,17.8367,23.419288271560788,11.620304014722413,11.9538,6.50469
440,55.0607,37.6591,17.8777,23.48376614039236,11.652022043371115,11.9802,6.51932
441,55.1858,37.7432,17.9187,23.548192509328697,11.689377679600613,12.0066,6.53396
442,55.3109,37.8272,17.9596,23.61261887826503,11.72675715803642,12.033,6.54859
443,55.436,37.9113,18.0006,23.67704524720137,11.76413663647223,12.0594,6.56323
444,55.5611,37.9954,18.0416,23.742372912081425,11.801516114908042,12.0858,6.57786
445,55.6862,38.0795,18.0826,23.808892958580817,11.838895593343848,12.1122,6.5925
446,55.8113,38.1635,18.1235,23.875413005080212,11.876275071779657,12.1386,6.60714
447,55.9365,38.2476,18.1645,23.941986225078004,11.913684429894472,12.165,6.62178
448,56.0616,38.3316,18.2055,24.008506271577396,11.95106390833028,12.1914,6.63642
449,56.1867,38.4157,18.2465,24.07502631807679,11.98844338676609,12.2178,6.65106
450,56.3118,38.4998,18.2875,24.141546364576183,12.025822865201897,12.2442,6.6657
451,56.4369,38.5838,18.3285,24.208066411075578,12.063202343637707,12.2706,6.68034
452,56.562,38.6679,18.3695,24.27458645757497,12.091936197916073,12.297,6.69498
453,56.6871,38.7519,18.4104,24.341106504074368,12.114336362750212,12.3234,6.70963
454,56.8123,38.836,18.4514,24.40767972407216,12.13675443339157,12.3498,6.72427
455,56.9374,38.92,18.4924,24.474199770571552,12.159154598225705,12.3762,6.73891
456,57.0625,39.0041,18.5334,24.552044947404536,12.181554763059843,12.4025,6.75356
457,57.1876,39.0881,18.5745,24.631933526215246,12.20395492789398,12.4289,6.76821
458,57.3127,39.1722,18.6155,24.711822105025952,12.226355092728117,12.4553,6.78285
459,57.4378,39.2562,18.6565,24.791710683836662,12.248755257562253,12.4817,6.7975
460,57.563,39.3403,18.6975,24.8716631224226,12.271173328203613,12.5081,6.81215
461,57.6881,39.4243,18.7385,24.951551701233306,12.293573493037748,12.5345,6.8268
462,57.8132,39.5083,18.7795,25.031440280044016,12.338583868647376,12.5609,6.84145
463,57.9383,39.5924,18.8205,25.111328858854723,12.389579876312387,12.5872,6.8561
464,58.0634,39.6764,18.8616,25.191217437665436,12.440575883977402,12.6136,6.87075
465,58.1885,39.7604,18.9026,25.271106016476143,12.491571891642414,12.64,6.8854
466,58.3136,39.8444,18.9436,25.350994595286853,12.542567899307429,12.6664,6.90005
467,58.4388,39.9285,18.9846,25.43094703387279,12.593604671167217,12.6928,6.9147
468,58.5639,40.0125,19.0257,25.510835612683497,12.644600678832228,12.7191,6.92936
469,58.689,40.0965,19.0667,25.590724191494207,12.695596686497243,12.7455,6.94401
470,58.8141,40.1805,19.1078,25.670612770304917,12.746592694162258,12.7719,6.95866
471,58.9392,40.2646,19.1488,25.729600156991825,12.79758870182727,12.7983,6.97332
472,59.0643,40.3486,19.1898,25.782975539192282,12.848584709492284,12.8246,6.98797
473,59.1894,40.4326,19.2309,25.836350921392736,12.883786343234574,12.851,7.00263
474,59.3146,40.5166,19.2719,25.889768969766013,12.912187193695232,12.8774,7.01729
475,59.4397,40.6006,19.313,25.943144351966474,12.940565359770538,12.9037,7.03194
476,59.5648,40.6846,19.3541,25.996519734166927,12.968943525845843,12.9301,7.0466
477,59.6899,40.7686,19.3951,26.049895116367384,12.99732169192115,12.9565,7.06126
478,59.815,40.8526,19.4362,26.10327049856784,13.025699857996454,12.9828,7.07592
479,59.9401,40.9366,19.4772,26.1566458807683,13.054078024071758,13.0092,7.09057
480,60.0653,41.0206,19.5183,26.210063929141576,13.082478874532416,13.0355,7.10523
481,60.1904,41.1046,19.5594,26.263439311342033,13.110857040607721,13.0619,7.11989
482,60.3155,41.1886,19.6004,26.31681469354249,13.139235206683027,13.0883,7.13455
483,60.4406,41.2725,19.6415,26.370190075742947,13.167613372758334,13.1146,7.14921
484,60.5657,41.3565,19.6826,26.423565457943404,13.195991538833638,13.141,7.16387
485,60.6908,41.4405,19.7236,26.47694084014386,13.22758863497125,13.1673,7.17853
486,60.8159,41.5245,19.7647,26.532017091099902,13.266637209541543,13.1937,7.19319
487,60.9411,41.6084,19.8058,26.59676307487196,13.30571699800038,13.22,7.20786
488,61.0662,41.6924,19.8469,26.661457344599473,13.344765572570674,13.2464,7.22252
489,61.1913,41.7764,19.8879,26.72615161432698,13.383814147140967,13.2727,7.23718
490,61.3164,41.8603,19.929,26.790845884054495,13.42286272171126,13.2991,7.25184
491,61.4415,41.9443,19.9701,26.855540153782005,13.461911296281553,13.3254,7.2665
492,61.5666,42.0282,20.0112,26.920234423509516,13.500959870851847,13.3518,7.28117
493,61.6918,42.1122,20.0523,26.984980407281576,13.540039659310686,13.3781,7.29583
494,61.8169,42.1961,20.0934,27.049674677009087,13.579088233880977,13.4045,7.31049
495,61.942,42.2801,20.1344,27.114368946736597,13.618136808451272,13.4308,7.32516
496,62.0671,42.364,20.1755,27.17906321646411,13.657185383021567,13.4572,7.33982
497,62.1922,42.448,20.2166,27.243757486191623,13.696233957591858,13.4835,7.35448
498,62.3173,42.5319,20.2577,27.308451755919133,13.721498746347804,13.5098,7.36915
499,62.4424,42.6158,20.2988,27.373146025646644,13.745317004090694,13.5362,7.38381
500,62.5676,42.6998,20.3399,27.447953063006945,13.769154301208278,13.5625,7.39847
501,62.6927,42.7837,20.381,27.524769214325154,13.79297255895117,13.5889,7.41314
502,62.8178,42.8676,20.4221,27.601585365643356,13.816790816694061,13.6152,7.4278
503,62.9429,42.9515,20.4632,27.678401516961564,13.840609074436951,13.6415,7.44247
504,63.068,43.0354,20.5043,27.75521766827977,13.864427332179842,13.6679,7.45713
505,63.1931,43.1194,20.5454,27.832033819597978,13.888245589922734,13.6942,7.4718
506,63.3182,43.2033,20.5865,27.90884997091618,13.912063847665625,13.7206,7.48646
507,63.4434,43.2872,20.6277,27.985727526032402,13.935901144783209,13.7469,7.50113
508,63.5685,43.3711,20.6688,28.06254367735061,13.966865361205297,13.7732,7.5158
509,63.6936,43.455,20.7099,28.139359828668816,14.006018473528139,13.7996,7.53046
510,63.8187,43.5389,20.751,28.21617597998702,14.045171585850976,13.8259,7.54513
511,63.9438,43.6228,20.7921,28.292677320005158,14.084324698173816,13.8522,7.55979
512,64.0689,43.7067,20.8332,28.368212998389097,14.123477810496654,13.8786,7.57446
513,64.1941,43.7906,20.8743,28.443809057011563,14.162662220271393,13.9049,7.58912
514,64.3192,43.8745,20.9155,28.5193447353955,14.20181533259423,13.9312,7.60378
515,64.4443,43.9584,20.9566,28.594880413779446,14.240968444917069,13.9575,7.61845
516,64.5694,44.0423,20.9977,28.67041609216339,14.280121557239909,13.9839,7.63311
517,64.6945,44.1261,21.0388,28.745951770547336,14.31927466956275,14.0102,7.64777
518,64.8196,44.21,21.08,28.821487448931272,14.358427781885585,14.0365,7.66243
519,64.9447,44.2939,21.1211,28.89702312731522,14.397580894208426,14.0628,7.67709
520,65.0699,44.3778,21.1622,28.972619185937685,14.436765303983163,14.0892,7.69175
521,65.195,44.4617,21.2034,29.04815486432162,14.47403409232258,14.1155,7.70641
522,65.3201,44.5455,21.2445,29.123690542705567,14.508666375844648,14.1418,7.72108
523,65.4452,44.6294,21.2857,29.197987417905363,14.543298659366716,14.1681,7.73575
524,65.5703,44.7133,21.3268,29.258646600455634,14.577930942888784,14.1945,7.75042
525,65.6954,44.7971,21.368,29.319305783005905,14.61256322641085,14.2208,7.7651
526,65.8206,44.881,21.4091,29.38001345411137,14.64722319361279,14.2471,7.77978
527,65.9457,44.9649,21.4503,29.440672636661642,14.681855477134858,14.2735,7.79446
528,66.0708,45.0487,21.4914,29.501331819211913,14.716487760656925,14.2998,7.80915
529,66.1959,45.1326,21.5326,29.561991001762177,14.75112004417899,14.3261,7.82384
530,66.321,45.2165,21.5738,29.622650184312448,14.785752327701058,14.3525,7.83853
531,66.4461,45.3003,21.6149,29.68330936686272,14.820384611223124,14.3788,7.85323
532,66.5712,45.3842,21.6561,29.74396854941299,14.855016894745193,14.4052,7.86793
533,66.6964,45.468,21.6973,29.804676220518452,14.897976818954195,14.4315,7.88263
534,66.8215,45.5519,21.7384,29.865335403068723,14.940917598533748,14.4579,7.89732
535,66.9466,45.6357,21.7796,29.925994585618994,14.9838583781133,14.4842,7.91202
536,67.0717,45.7196,21.8208,29.986653768169266,15.026799157692851,14.5105,7.92671
537,67.1968,45.8034,21.8619,30.04731295071953,15.069739937272399,14.5369,7.9414
538,67.3219,45.8872,21.9031,30.1079721332698,15.112680716851951,14.5632,7.95609
539,67.447,45.9711,21.9443,30.17926820924829,15.155621496431504,14.5895,7.97078
540,67.5722,46.0549,21.9855,30.263886886064828,15.198596601174584,14.6158,7.98546
541,67.6973,46.1387,22.0266,30.348437976078806,15.241537380754137,14.6421,8.00014
542,67.8224,46.2226,22.0678,30.432989066092784,15.269497614102036,14.6685,8.01482
543,67.9475,46.3064,22.109,30.51754015610676,15.284591095541911,14.6948,8.02949
544,68.0726,46.3902,22.1502,30.60209124612073,15.299684576981782,14.7211,8.04416
545,68.1977,46.474,22.1914,30.686642336134707,15.314778058421657,14.7474,8.05884
546,68.3229,46.5578,22.2326,30.771261012951253,15.329883604994578,14.7737,8.0735
547,68.448,46.6417,22.2737,30.855812102965224,15.34497708643445,14.8,8.08817
548,68.5731,46.7255,22.3149,30.940363192979202,15.360070567874324,14.8263,8.10284
549,68.6982,46.8093,22.3561,31.02491428299318,15.375164049314199,14.8525,8.1175
550,68.8233,46.8931,22.3973,31.109465373007154,15.390257530754074,14.8788,8.13217
551,68.9484,46.9768,22.4385,31.178558708737295,15.413658374885369,14.9051,8.14683
552,69.0735,47.0606,22.4797,31.24517472304791,15.449355231694296,14.9314,8.16149
553,69.1987,47.1444,22.5209,31.311843987569812,15.48508062316095,14.9577,8.17615
554,69.3238,47.2282,22.5621,31.378460001880438,15.520777479969883,14.984,8.19082
555,69.4489,47.312,22.6033,31.445076016191052,15.55647433677881,15.0102,8.20548
556,69.574,47.3958,22.6445,31.511692030501674,15.592171193587744,15.0365,8.22015
557,69.6991,47.4795,22.6856,31.578308044812296,15.627868050396676,15.0628,8.23481
558,69.8242,47.5633,22.7268,0.0,0.0,15.0891,8.24948
559,69.9493,47.6471,22.768,0.0,0.0,15.1154,8.26416
560,70.0745,47.7309,22.8092,0.0,0.0,15.1417,8.27883
561,70.1996,47.8146,22.8504,0.0,0.0,15.1679,8.29351
562,70.3247,47.8984,22.8916,0.0,0.0,15.1942,8.30819
563,70.4498,47.9822,22.9329,0.0,0.0,15.2205,8.32287
564,70.5749,48.0659,22.9741,0.0,0.0,15.2468,8.33756
565,70.7,48.1497,23.0153,0.0,0.0,15.2731,8.35224
566,70.8252,48.2334,23.0565,0.0,0.0,15.2994,8.36693
567,70.9503,48.3172,23.0977,0.0,0.0,15.3257,8.38161
568,71.0754,48.4009,23.1389,0.0,0.0,15.3519,8.39629
569,71.2005,48.4846,23.1801,0.0,0.0,15.3782,8.41097
570,71.3256,48.5684,23.2213,0.0,0.0,15.4045,8.42564
571,71.4507,48.6521,23.2625,0.0,0.0,15.4307,8.44031
572,71.5758,48.7358,23.3037,0.0,0.0,15.457,8.45497
573,71.701,48.8195,23.3449,0.0,0.0,15.4832,8.46963
574,71.8261,48.9032,23.3861,0.0,0.0,15.5095,8.48428
575,71.9512,48.987,23.4274,0.0,0.0,15.5357,8.49892
576,72.0763,49.0707,23.4686,0.0,0.0,15.5619,8.51356
577,72.2014,49.1544,23.5098,0.0,0.0,15.5882,8.5282
578,72.3265,49.2381,23.551,0.0,0.0,15.6144,8.54284
579,72.4517,49.3218,23.5923,0.0,0.0,15.6406,8.55747
580,72.5768,49.4055,23.6335,0.0,0.0,15.6668,8.57211
581,72.7019,49.4892,23.6748,0.0,0.0,15.693,8.58674
582,72.827,49.5729,23.716,0.0,0.0,15.7193,8.60138
583,72.9521,49.6566,23.7573,0.0,0.0,15.7455,8.61602
584,73.0772,49.7402,23.7986,0.0,0.0,15.7717,8.63067
585,73.2023,49.8239,23.8398,0.0,0.0,15.7979,8.64532
586,73.3275,49.9077,23.8811,0.0,0.0,15.8242,8.65998
587,73.4526,49.9914,23.9223,0.0,0.0,15.8504,8.67464
588,73.5777,50.0751,23.9635,0.0,0.0,15.8766,8.68931
589,73.7028,50.1588,24.0047,0.0,0.0,15.9029,8.70398
590,73.8279,50.2425,24.0459,0.0,0.0,15.9291,8.71866
591,73.953,50.3262,24.0871,0.0,0.0,15.9553,8.73333
592,74.0781,50.4099,24.1282,0.0,0.0,15.9816,8.74801
593,74.2033,50.4936,24.1693,0.0,0.0,16.0078,8.7627
594,74.3284,50.5772,24.2105,0.0,0.0,16.0341,8.77738
595,74.4535,50.6609,24.2517,0.0,0.0,16.0603,8.79206
596,74.5786,50.7445,24.2929,0.0,0.0,16.0866,8.80675
597,74.7037,50.8281,24.3342,0.0,0.0,16.1128,8.82143
598,74.8288,50.9117,24.3756,0.0,0.0,16.139,8.83611
599,74.954,50.9952,24.4171,0.0,0.0,16.1653,8.85079
600,75.0791,51.0787,24.4587,0.0,0.0,16.1915,8.86547
601,75.2042,51.1623,24.5003,0.0,0.0,16.2177,8.88015
602,75.3293,51.2458,24.5421,0.0,0.0,16.244,8.89483
603,75.4544,51.3294,24.5839,0.0,0.0,16.2702,8.9095
604,75.5795,51.413,24.6257,0.0,0.0,16.2964,8.92418
605,75.7046,51.4967,24.6675,0.0,0.0,16.3227,8.93886
606,75.8298,51.5805,24.7093,0.0,0.0,16.3489,8.95353
607,75.9549,51.6643,24.751,0.0,0.0,16.3751,8.96821
608,76.08,51.7483,24.7927,0.0,0.0,16.4013,8.98289
609,76.2051,51.8323,24.8341,0.0,0.0,16.4275,8.99756
610,76.3302,51.9163,24.8755,0.0,0.0,16.4538,9.01224
611,76.4553,52.0005,24.9167,0.0,0.0,16.48,9.02692
612,76.5805,52.0846,24.9578,0.0,0.0,16.5062,9.0416
613,76.7056,52.1688,24.9987,0.0,0.0,16.5324,9.05628
614,76.8307,52.2529,25.0395,0.0,0.0,16.5587,9.07096
615,76.9558,52.337,25.0803,0.0,0.0,16.5849,9.08564
616,77.0809,52.4209,25.1211,0.0,0.0,16.6111,9.10032
617,77.206,52.5047,25.1618,0.0,0.0,16.6374,9.115
618,77.3311,52.5884,25.2026,0.0,0.0,16.6636,9.12969
619,77.4563,52.672,25.2435,0.0,0.0,16.6898,9.14437
620,77.5814,52.7554,25.2844,0.0,0.0,16.716,9.15905
621,77.7065,52.8386,25.3254,0.0,0.0,16.7423,9.17374
622,77.8316,52.9218,25.3665,0.0,0.0,16.7685,9.18842
623,77.9567,53.0049,25.4077,0.0,0.0,16.7947,9.20311
624,78.0818,53.088,25.449,0.0,0.0,16.8209,9.21779
625,78.2069,53.171,25.4903,0.0,0.0,16.8472,9.23248
626,78.3321,53.2541,25.5317,0.0,0.0,16.8734,9.24716
627,78.4572,53.3372,25.5731,0.0,0.0,16.8996,9.26185
628,78.5823,53.4204,25.6145,0.0,0.0,16.9259,9.27654
629,78.7074,53.5036,25.656,0.0,0.0,16.9521,9.29122
630,78.8325,53.587,25.6974,0.0,0.0,16.9783,9.30591
631,78.9576,53.6704,25.7388,0.0,0.0,17.0046,9.3206
632,79.0828,53.754,25.7802,0.0,0.0,17.0308,9.33529
633,79.2079,53.8376,25.8216,0.0,0.0,17.057,9.34998
634,79.333,53.9212,25.8629,0.0,0.0,17.0833,9.36467
635,79.4581,54.0049,25.9042,0.0,0.0,17.1095,9.37936
636,79.5832,54.0887,25.9456,0.0,0.0,17.1357,9.39405
637,79.7083,54.1724,25.9869,0.0,0.0,17.162,9.40874
638,79.8334,54.2561,26.0282,0.0,0.0,17.1882,9.42343
639,79.9586,54.3399,26.0695,0.0,0.0,17.2145,9.43813
640,80.0837,54.4236,26.1108,0.0,0.0,17.2407,9.45282
641,80.2088,54.5073,26.1521,0.0,0.0,17.267,9.46751
642,80.3339,54.591,26.1934,0.0,0.0,17.2932,9.48221
643,80.459,54.6747,26.2347,0.0,0.0,17.3194,9.4969
644,80.5841,54.7583,26.2761,0.0,0.0,17.3457,9.5116
645,80.7092,54.842,26.3174,0.0,0.0,17.3719,9.52629
646,80.8344,54.9256,26.3587,0.0,0.0,17.3982,9.54099
647,80.9595,55.0093,26.4001,0.0,0.0,17.4244,9.55568
648,81.0846,55.0929,26.4414,0.0,0.0,17.4507,9.57038
649,81.2097,55.1765,26.4828,0.0,0.0,17.4769,9.58508
650,81.3348,55.2602,26.5241,0.0,0.0,17.5032,9.59977
651,81.4599,55.3439,26.5655,0.0,0.0,17.5294,9.61447
652,81.5851,55.4275,26.6069,0.0,0.0,17.5557,9.62917
653,81.7102,55.5112,26.6482,0.0,0.0,17.5819,9.64387
654,81.8353,55.5949,26.6896,0.0,0.0,17.6081,9.65856
655,81.9604,55.6786,26.7309,0.0,0.0,17.6344,9.67326
656,82.0855,55.7623,26.7723,0.0,0.0,17.6606,9.68796
657,82.2106,55.846,26.8136,0.0,0.0,17.6869,9.70266
658,82.3357,55.9297,26.855,0.0,0.0,17.7131,9.71736
659,82.4609,56.0134,26.8963,0.0,0.0,17.7394,9.73205
660,82.586,56.0971,26.9377,0.0,0.0,17.7656,9.74675
661,82.7111,56.1808,26.979,0.0,0.0,17.7918,9.76145
662,82.8362,56.2644,27.0204,0.0,0.0,17.8181,9.77615
663,82.9613,56.3481,27.0617,0.0,0.0,17.8443,9.79085
664,83.0864,56.4318,27.1031,0.0,0.0,17.8705,9.80555
665,83.2116,56.5155,27.1444,0.0,0.0,17.8968,9.82025
666,83.3367,56.5991,27.1858,0.0,0.0,17.923,9.83495
667,83.4618,56.6828,27.2271,0.0,0.0,17.9492,9.84965
668,83.5869,56.7665,27.2685,0.0,0.0,17.9755,9.86435
669,83.712,56.8501,27.3099,0.0,0.0,18.0017,9.87905
670,83.8371,56.9337,27.3512,0.0,0.0,18.0279,9.89375
671,83.9622,57.0174,27.3926,0.0,0.0,18.0541,9.90845
672,84.0874,57.101,27.4339,0.0,0.0,18.0803,9.92314
673,84.2125,57.1846,27.4753,0.0,0.0,18.1066,9.93784
674,84.3376,57.2682,27.5167,0.0,0.0,18.1328,9.95254
675,84.4627,57.3519,27.558,0.0,0.0,18.159,9.96723
676,84.5878,57.4355,27.5994,0.0,0.0,18.1852,9.98192
677,84.7129,57.519,27.6407,0.0,0.0,18.2114,9.99662
678,84.838,57.6026,27.6821,0.0,0.0,18.2376,10.0113
679,84.9632,57.6862,27.7235,0.0,0.0,18.2638,10.026
680,85.0883,57.7698,27.7648,0.0,0.0,18.29,10.0407
681,85.2134,57.8533,27.8062,0.0,0.0,18.3161,10.0554
682,85.3385,57.9369,27.8476,0.0,0.0,18.3423,10.0701
683,85.4636,58.0204,27.8889,0.0,0.0,18.3685,10.0847
684,85.5887,58.1039,27.9303,0.0,0.0,18.3947,10.0994
685,85.7139,58.1874,27.9717,0.0,0.0,18.4208,10.1141
686,85.839,58.2709,28.013,0.0,0.0,18.447,10.1288
687,85.9641,58.3544,28.0544,0.0,0.0,18.4731,10.1435
688,86.0892,58.4379,28.0958,0.0,0.0,18.4993,10.1582
689,86.2143,58.5213,28.1371,0.0,0.0,18.5254,10.1728
690,86.3394,58.6048,28.1785,0.0,0.0,18.5516,10.1875
691,86.4645,58.6882,28.2199,0.0,0.0,18.5777,10.2022
692,86.5897,58.7716,28.2613,0.0,0.0,18.6039,10.2169
693,86.7148,58.855,28.3026,0.0,0.0,18.63,10.2316
694,86.8399,58.9384,28.344,0.0,0.0,18.6562,10.2462
695,86.965,59.0217,28.3854,0.0,0.0,18.6823,10.2609
696,87.0901,59.1051,28.4267,0.0,0.0,18.7084,10.2756
697,87.2152,59.1884,28.4681,0.0,0.0,18.7346,10.2903
698,87.3404,59.2717,28.5095,0.0,0.0,18.7607,10.305
699,87.4655,59.3551,28.5509,0.0,0.0,18.7868,10.3197
700,87.5906,59.4384,28.5923,0.0,0.0,18.8129,10.3343
701,87.7157,59.5216,28.6336,0.0,0.0,18.839,10.349
702,87.8408,59.6049,28.675,0.0,0.0,18.8652,10.3637
703,87.9659,59.6882,28.7164,0.0,0.0,18.8913,10.3784
704,88.091,59.7715,28.7578,0.0,0.0,18.9174,10.3931
705,88.2162,59.8547,28.7992,0.0,0.0,18.9435,10.4078
706,88.3413,59.9379,28.8405,0.0,0.0,18.9696,10.4224
707,88.4664,60.0212,28.8819,0.0,0.0,18.9957,10.4371
708,88.5915,60.1044,28.9233,0.0,0.0,19.0218,10.4518
709,88.7166,60.1876,28.9647,0.0,0.0,19.0479,10.4665
710,88.8417,60.2708,29.0061,0.0,0.0,19.074,10.4811
711,88.9668,60.354,29.0475,0.0,0.0,19.1001,10.4958
712,89.092,60.4372,29.0889,0.0,0.0,19.1262,10.5105
713,89.2171,60.5204,29.1303,0.0,0.0,19.1523,10.5252
714,89.3422,60.6036,29.1717,0.0,0.0,19.1784,10.5399
715,89.4673,60.6868,29.213,0.0,0.0,19.2044,10.5545
716,89.5924,60.7699,29.2544,0.0,0.0,19.2305,10.5692
717,89.7175,60.8531,29.2958,0.0,0.0,19.2566,10.5839
718,89.8427,60.9362,29.3372,0.0,0.0,19.2827,10.5985
719,89.9678,61.0194,29.3786,0.0,0.0,19.3088,10.6132
720,90.0929,61.1025,29.42,0.0,0.0,19.3348,10.6279
721,90.218,61.1857,29.4614,0.0,0.0,19.3609,10.6426
722,90.3431,61.2688,29.5028,0.0,0.0,19.387,10.6573
723,90.4682,61.352,29.5442,0.0,0.0,19.4131,10.6719
724,90.5933,61.4351,29.5856,0.0,0.0,19.4392,10.6866
725,90.7185,61.5183,29.6271,0.0,0.0,19.4652,10.7013
726,90.8436,61.6014,29.6685,0.0,0.0,19.4913,10.716
727,90.9687,61.6845,29.7099,0.0,0.0,19.5174,10.7306
728,91.0938,61.7677,29.7513,0.0,0.0,19.5435,10.7453
729,91.2189,61.8508,29.7927,0.0,0.0,19.5695,10.76
730,91.344,61.9339,29.8341,0.0,0.0,19.5956,10.7747
731,91.4691,62.0171,29.8755,0.0,0.0,19.6217,10.7894
732,91.5943,62.1002,29.9169,0.0,0.0,19.6478,10.8041
733,91.7194,62.1833,29.9584,0.0,0.0,19.6739,10.8187
734,91.8445,62.2665,29.9998,0.0,0.0,19.7,10.8334
735,91.9696,62.3496,30.0412,0.0,0.0,19.726,10.8481
736,92.0947,62.4328,30.0826,0.0,0.0,19.7521,10.8628
737,92.2198,62.5159,30.124,0.0,0.0,19.7782,10.8775
738,92.345,62.5991,30.1655,0.0,0.0,19.8043,10.8922
739,92.4701,62.6822,30.2069,0.0,0.0,19.8304,10.9069
740,92.5952,62.7654,30.2483,0.0,0.0,19.8565,10.9216
741,92.7203,62.8485,30.2897,0.0,0.0,19.8825,10.9362
742,92.8454,62.9317,30.3312,0.0,0.0,19.9086,10.9509
743,92.9705,63.0149,30.3726,0.0,0.0,19.9347,10.9656
744,93.0956,63.0981,30.414,0.0,0.0,19.9608,10.9803
745,93.2208,63.1813,30.4555,0.0,0.0,19.9869,10.995
746,93.3459,63.2644,30.4969,0.0,0.0,20.013,11.0097
747,93.471,63.3476,30.5383,0.0,0.0,20.0391,11.0244
748,93.5961,63.4308,30.5798,0.0,0.0,20.0652,11.0391
749,93.7212,63.514,30.6212,0.0,0.0,20.0913,11.0538
750,93.8463,63.5972,30.6627,0.0,0.0,20.1174,11.0685
751,93.9715,63.6805,30.7041,0.0,0.0,20.1435,11.0832
752,94.0966,63.7637,30.7455,0.0,0.0,20.1696,11.0979
753,94.2217,63.8469,30.787,0.0,0.0,20.1957,11.1125
754,94.3468,63.9301,30.8284,0.0,0.0,20.2217,11.1272
755,94.4719,64.0133,30.8699,0.0,0.0,20.2478,11.1419
756,94.597,64.0966,30.9113,0.0,0.0,20.2739,11.1566
757,94.7221,64.1798,30.9528,0.0,0.0,20.3,11.1713
758,94.8473,64.263,30.9942,0.0,0.0,20.3261,11.186
759,94.9724,64.3463,31.0357,0.0,0.0,20.3522,11.2007
760,95.0975,64.4295,31.0771,0.0,0.0,20.3783,11.2154
761,95.2226,64.5127,31.1186,0.0,0.0,20.4044,11.2301
762,95.3477,64.596,31.1601,0.0,0.0,20.4305,11.2448
763,95.4728,64.6792,31.2015,0.0,0.0,20.4566,11.2595
764,95.5979,64.7625,31.243,0.0,0.0,20.4827,11.2742
765,95.7231,64.8457,31.2844,0.0,0.0,20.5088,11.2889
766,95.8482,64.929,31.3259,0.0,0.0,20.5349,11.3036
767,95.9733,65.0122,31.3674,0.0,0.0,20.561,11.3183
768,96.0984,65.0955,31.4088,0.0,0.0,20.5871,11.333
769,96.2235,65.1787,31.4503,0.0,0.0,20.6132,11.3477
770,96.3486,65.2619,31.4918,0.0,0.0,20.6393,11.3624
771,96.4738,65.3452,31.5332,0.0,0.0,20.6654,11.3771
772,96.5989,65.4284,31.5747,0.0,0.0,20.6915,11.3918
773,96.724,65.5117,31.6162,0.0,0.0,20.7176,11.4065
774,96.8491,65.5949,31.6576,0.0,0.0,20.7437,11.4212
775,96.9742,65.6782,31.6991,0.0,0.0,20.7698,11.4359
776,97.0993,65.7614,31.7406,0.0,0.0,20.7959,11.4506
777,97.2244,65.8447,31.7821,0.0,0.0,20.822,11.4653
778,97.3496,65.9279,31.8235,0.0,0.0,20.8481,11.48
779,97.4747,66.0112,31.865,0.0,0.0,20.8742,11.4947
780,97.5998,66.0944,31.9065,0.0,0.0,20.9003,11.5094
781,97.7249,66.1776,31.948,0.0,0.0,20.9264,11.5241
782,97.85,66.2609,31.9895,0.0,0.0,20.9525,11.5388
783,97.9751,66.3441,32.0309,0.0,0.0,20.9786,11.5535
784,98.1003,66.4273,32.0724,0.0,0.0,21.0047,11.5682
785,98.2254,66.5106,32.1139,0.0,0.0,21.0308,11.5829
786,98.3505,66.5938,32.1554,0.0,0.0,21.0569,11.5976
787,98.4756,66.677,32.1969,0.0,0.0,21.083,11.6123
788,98.6007,66.7602,32.2383,0.0,0.0,21.109,11.627
789,98.7258,66.8435,32.2798,0.0,0.0,21.1351,11.6417
790,98.8509,66.9267,32.3213,0.0,0.0,21.1612,11.6564
791,98.9761,67.0099,32.3628,0.0,0.0,21.1873,11.6711
792,99.1012,67.0931,32.4043,0.0,0.0,21.2134,11.6858
793,99.2263,67.1763,32.4457,0.0,0.0,21.2395,11.7005
794,99.3514,67.2595,32.4872,0.0,0.0,21.2656,11.7152
795,99.4765,67.3427,32.5287,0.0,0.0,21.2916,11.7299
796,99.6016,67.4259,32.5702,0.0,0.0,21.3177,11.7446
797,99.7267,67.509,32.6116,0.0,0.0,21.3438,11.7593
798,99.8519,67.5922,32.6531,0.0,0.0,21.3699,11.774
799,99.977,67.6754,32.6946,0.0,0.0,21.396,11.7887
800,100.102,67.7586,32.7361,0.0,0.0,21.422,11.8034
801,100.227,67.8417,32.7775,0.0,0.0,21.4481,11.8181
802,100.352,67.9249,32.819,0.0,0.0,21.4742,11.8328
803,100.477,68.0081,32.8605,0.0,0.0,21.5003,11.8475
804,100.603,68.0912,32.9019,0.0,0.0,21.5263,11.8622
805,100.728,68.1744,32.9434,0.0,0.0,21.5524,11.8769
806,100.853,68.2575,32.9849,0.0,0.0,21.5785,11.8916
807,100.978,68.3406,33.0263,0.0,0.0,21.6045,11.9062
808,101.103,68.4238,33.0678,0.0,0.0,21.6306,11.9209
809,101.228,68.5069,33.1093,0.0,0.0,21.6566,11.9356
810,101.353,68.59,33.1508,0.0,0.0,21.6827,11.9503
811,101.478,68.6732,33.1922,0.0,0.0,21.7088,11.965
812,101.603,68.7563,33.2337,0.0,0.0,21.7348,11.9797
813,101.729,68.8394,33.2752,0.0,0.0,21.7609,11.9944
814,101.854,68.9225,33.3167,0.0,0.0,21.7869,12.0091
815,101.979,69.0056,33.3581,0.0,0.0,21.813,12.0238
816,102.104,69.0887,33.3996,0.0,0.0,21.839,12.0385
817,102.229,69.1718,33.4411,0.0,0.0,21.8651,12.0531
818,102.354,69.2549,33.4826,0.0,0.0,21.8911,12.0678
819,102.479,69.338,33.5241,0.0,0.0,21.9172,12.0825
820,102.604,69.4211,33.5655,0.0,0.0,21.9432,12.0972
821,102.73,69.5041,33.607,0.0,0.0,21.9693,12.1119
822,102.855,69.5872,33.6485,0.0,0.0,21.9953,12.1266
823,102.98,69.6703,33.69,0.0,0.0,22.0214,12.1413
824,103.105,69.7534,33.7315,0.0,0.0,22.0474,12.156
825,103.23,69.8364,33.7729,0.0,0.0,22.0735,12.1707
826,103.355,69.9195,33.8144,0.0,0.0,22.0995,12.1854
827,103.48,70.0026,33.8559,0.0,0.0,22.1255,12.2
828,103.605,70.0856,33.8974,0.0,0.0,22.1516,12.2147
829,103.73,70.1687,33.9389,0.0,0.0,22.1776,12.2294
830,103.856,70.2517,33.9804,0.0,0.0,22.2036,12.2441
831,103.981,70.3348,34.0219,0.0,0.0,22.2297,12.2588
832,104.106,70.4179,34.0634,0.0,0.0,22.2557,12.2735
833,104.231,70.5009,34.1049,0.0,0.0,22.2818,12.2882
834,104.356,70.584,34.1463,0.0,0.0,22.3078,12.3029
835,104.481,70.667,34.1878,0.0,0.0,22.3338,12.3176
836,104.606,70.75,34.2293,0.0,0.0,22.3599,12.3322
837,104.731,70.8331,34.2708,0.0,0.0,22.3859,12.3469
838,104.856,70.9161,34.3123,0.0,0.0,22.4119,12.3616
839,104.982,70.9992,34.3538,0.0,0.0,22.4379,12.3763
840,105.107,71.0822,34.3953,0.0,0.0,22.464,12.391
841,105.232,71.1652,34.4368,0.0,0.0,22.49,12.4057
842,105.357,71.2483,34.4783,0.0,0.0,22.516,12.4204
843,105.482,71.3313,34.5198,0.0,0.0,22.5421,12.4351
844,105.607,71.4143,34.5613,0.0,0.0,22.5681,12.4498
845,105.732,71.4974,34.6029,0.0,0.0,22.5941,12.4645
846,105.857,71.5804,34.6444,0.0,0.0,22.6201,12.4791
847,105.983,71.6634,34.6859,0.0,0.0,22.6462,12.4938
848,106.108,71.7464,34.7274,0.0,0.0,22.6722,12.5085
849,106.233,71.8295,34.7689,0.0,0.0,22.6982,12.5232
850,106.358,71.9125,34.8104,0.0,0.0,22.7242,12.5379
851,106.483,71.9955,34.8519,0.0,0.0,22.7502,12.5526
852,106.608,72.0785,34.8935,0.0,0.0,22.7763,12.5673
853,106.733,72.1616,34.935,0.0,0.0,22.8023,12.582
854,106.858,72.2446,34.9765,0.0,0.0,22.8283,12.5967
855,106.983,72.3276,35.018,0.0,0.0,22.8543,12.6114
856,107.109,72.4106,35.0596,0.0,0.0,22.8803,12.6261
857,107.234,72.4937,35.1011,0.0,0.0,22.9064,12.6407
858,107.359,72.5767,35.1426,0.0,0.0,22.9324,12.6554
859,107.484,72.6597,35.1842,0.0,0.0,22.9584,12.6701
860,107.609,72.7427,35.2257,0.0,0.0,22.9844,12.6848
861,107.734,72.8257,35.2672,0.0,0.0,23.0104,12.6995
862,107.859,72.9088,35.3088,0.0,0.0,23.0364,12.7142
863,107.984,72.9918,35.3503,0.0,0.0,23.0624,12.7289
864,108.109,73.0748,35.3919,0.0,0.0,23.0885,12.7436
865,108.235,73.1578,35.4334,0.0,0.0,23.1145,12.7583
866,108.36,73.2408,35.4749,0.0,0.0,23.1405,12.773
867,108.485,73.3239,35.5165,0.0,0.0,23.1665,12.7877
868,108.61,73.4069,35.5581,0.0,0.0,23.1925,12.8024
869,108.735,73.4899,35.5996,0.0,0.0,23.2185,12.8171
870,108.86,73.5729,35.6412,0.0,0.0,23.2445,12.8317
871,108.985,73.6559,35.6827,0.0,0.0,23.2706,12.8464
872,109.11,73.7389,35.7243,0.0,0.0,23.2966,12.8611
873,109.235,73.822,35.7658,0.0,0.0,23.3226,12.8758
874,109.361,73.905,35.8074,0.0,0.0,23.3486,12.8905
875,109.486,73.988,35.8489,0.0,0.0,23.3746,12.9052
876,109.611,74.071,35.8905,0.0,0.0,23.4006,12.9199
877,109.736,74.154,35.9321,0.0,0.0,23.4266,12.9346
878,109.861,74.237,35.9736,0.0,0.0,23.4526,12.9493
879,109.986,74.32,36.0152,0.0,0.0,23.4786,12.964
880,110.111,74.403,36.0568,0.0,0.0,23.5046,12.9787
881,110.236,74.486,36.0983,0.0,0.0,23.5306,12.9934
882,110.362,74.569,36.1399,0.0,0.0,23.5566,13.0081
883,110.487,74.652,36.1815,0.0,0.0,23.5827,13.0228
884,110.612,74.735,36.223,0.0,0.0,23.6087,13.0375
885,110.737,74.818,36.2646,0.0,0.0,23.6347,13.0522
886,110.862,74.901,36.3062,0.0,0.0,23.6607,13.0669
887,110.987,74.984,36.3478,0.0,0.0,23.6867,13.0816
888,111.112,75.067,36.3893,0.0,0.0,23.7127,13.0963
889,111.237,75.15,36.4309,0.0,0.0,23.7387,13.111
890,111.362,75.233,36.4725,0.0,0.0,23.7647,13.1257
891,111.488,75.316,36.514,0.0,0.0,23.7907,13.1404
892,111.613,75.399,36.5556,0.0,0.0,23.8167,13.1551
893,111.738,75.482,36.5972,0.0,0.0,23.8427,13.1698
894,111.863,75.565,36.6388,0.0,0.0,23.8687,13.1845
895,111.988,75.648,36.6803,0.0,0.0,23.8947,13.1991
896,112.113,75.731,36.7219,0.0,0.0,23.9207,13.2138
897,112.238,75.814,36.7635,0.0,0.0,23.9467,13.2285
898,112.363,75.897,36.8051,0.0,0.0,23.9727,13.2432
899,112.488,75.98,36.8466,0.0,0.0,23.9987,13.2579
900,112.614,76.0629,36.8882,0.0,0.0,24.0246,13.2726
901,112.739,76.1459,36.9298,0.0,0.0,24.0506,13.2873
902,112.864,76.2289,36.9714,0.0,0.0,24.0766,13.302
903,112.989,76.3119,37.0129,0.0,0.0,24.1026,13.3167
904,113.114,76.3949,37.0545,0.0,0.0,24.1286,13.3314
905,113.239,76.4779,37.0961,0.0,0.0,24.1546,13.3461
906,113.364,76.5608,37.1377,0.0,0.0,24.1806,13.3608
907,113.489,76.6438,37.1792,0.0,0.0,24.2066,13.3755
908,113.615,76.7268,37.2208,0.0,0.0,24.2326,13.3902
909,113.74,76.8098,37.2624,0.0,0.0,24.2586,13.4049
910,113.865,76.8927,37.304,0.0,0.0,24.2846,13.4196
911,113.99,76.9757,37.3455,0.0,0.0,24.3105,13.4343
912,114.115,77.0587,37.3871,0.0,0.0,24.3365,13.449
913,114.24,77.1416,37.4287,0.0,0.0,24.3625,13.4637
914,114.365,77.2246,37.4702,0.0,0.0,24.3885,13.4784
915,114.49,77.3075,37.5118,0.0,0.0,24.4145,13.4931
916,114.615,77.3905,37.5534,0.0,0.0,24.4405,13.5078
917,114.741,77.4734,37.5949,0.0,0.0,24.4665,13.5225
918,114.866,77.5564,37.6365,0.0,0.0,24.4924,13.5372
919,114.991,77.6393,37.6781,0.0,0.0,24.5184,13.5519
920,115.116,77.7222,37.7196,0.0,0.0,24.5444,13.5666
921,115.241,77.8052,37.7612,0.0,0.0,24.5704,13.5813
922,115.366,77.8881,37.8028,0.0,0.0,24.5964,13.596
923,115.491,77.971,37.8443,0.0,0.0,24.6223,13.6107
924,115.616,78.0539,37.8859,0.0,0.0,24.6483,13.6254
925,115.741,78.1368,37.9274,0.0,0.0,24.6743,13.6401
926,115.867,78.2198,37.969,0.0,0.0,24.7003,13.6548
927,115.992,78.3027,38.0106,0.0,0.0,24.7262,13.6695
928,116.117,78.3856,38.0521,0.0,0.0,24.7522,13.6842
929,116.242,78.4685,38.0937,0.0,0.0,24.7782,13.6989
930,116.367,78.5513,38.1352,0.0,0.0,24.8042,13.7136
931,116.492,78.6342,38.1768,0.0,0.0,24.8301,13.7283
932,116.617,78.7171,38.2184,0.0,0.0,24.8561,13.743
933,116.742,78.8,38.2599,0.0,0.0,24.8821,13.7577
934,116.868,78.8828,38.3015,0.0,0.0,24.908,13.7724
935,116.993,78.9657,38.343,0.0,0.0,24.934,13.7871
936,117.118,79.0486,38.3846,0.0,0.0,24.96,13.8018
937,117.243,79.1314,38.4261,0.0,0.0,24.9859,13.8165
938,117.368,79.2143,38.4677,0.0,0.0,25.0119,13.8312
939,117.493,79.2971,38.5093,0.0,0.0,25.0379,13.8459
940,117.618,79.3799,38.5508,0.0,0.0,25.0638,13.8606
941,117.743,79.4628,38.5924,0.0,0.0,25.0898,13.8753
942,117.868,79.5456,38.6339,0.0,0.0,25.1158,13.89
943,117.994,79.6284,38.6755,0.0,0.0,25.1417,13.9047
944,118.119,79.7112,38.717,0.0,0.0,25.1677,13.9194
945,118.244,79.794,38.7586,0.0,0.0,25.1937,13.9341
946,118.369,79.8768,38.8002,0.0,0.0,25.2196,13.9488
947,118.494,79.9596,38.8417,0.0,0.0,25.2456,13.9635
948,118.619,80.0424,38.8833,0.0,0.0,25.2715,13.9782
949,118.744,80.1252,38.9248,0.0,0.0,25.2975,13.9929
950,118.869,80.2079,38.9664,0.0,0.0,25.3234,14.0076
951,118.994,80.2907,39.008,0.0,0.0,25.3494,14.0223
952,119.12,80.3735,39.0495,0.0,0.0,25.3754,14.037
953,119.245,80.4562,39.0911,0.0,0.0,25.4013,14.0517
954,119.37,80.539,39.1326,0.0,0.0,25.4273,14.0664
955,119.495,80.6217,39.1742,0.0,0.0,25.4532,14.0811
956,119.62,80.7045,39.2158,0.0,0.0,25.4792,14.0958
957,119.745,80.7872,39.2573,0.0,0.0,25.5051,14.1105
958,119.87,80.8699,39.2989,0.0,0.0,25.5311,14.1252
959,119.995,80.9526,39.3404,0.0,0.0,25.557,14.1399
960,120.121,81.0354,39.382,0.0,0.0,25.583,14.1546
961,120.246,81.1181,39.4236,0.0,0.0,25.6089,14.1693
962,120.371,81.2008,39.4651,0.0,0.0,25.6349,14.184
963,120.496,81.2835,39.5067,0.0,0.0,25.6608,14.1987
964,120.621,81.3662,39.5483,0.0,0.0,25.6868,14.2134
965,120.746,81.4489,39.5898,0.0,0.0,25.7127,14.2281
966,120.871,81.5316,39.6314,0.0,0.0,25.7386,14.2428
967,120.996,81.6142,39.673,0.0,0.0,25.7646,14.2575
968,121.121,81.6969,39.7146,0.0,0.0,25.7905,14.2722
969,121.247,81.7796,39.7561,0.0,0.0,25.8165,14.2869
970,121.372,81.8623,39.7977,0.0,0.0,25.8424,14.3016
971,121.497,81.945,39.8393,0.0,0.0,25.8684,14.3163
972,121.622,82.0276,39.8809,0.0,0.0,25.8943,14.331
973,121.747,82.1103,39.9224,0.0,0.0,25.9202,14.3457
974,121.872,82.193,39.964,0.0,0.0,25.9462,14.3604
975,121.997,82.2756,40.0056,0.0,0.0,25.9721,14.3751
976,122.122,82.3583,40.0472,0.0,0.0,25.9981,14.3898
977,122.247,82.441,40.0888,0.0,0.0,26.024,14.4045
978,122.373,82.5236,40.1304,0.0,0.0,26.0499,14.4192
979,122.498,82.6063,40.1719,0.0,0.0,26.0759,14.4339
980,122.623,82.6889,40.2135,0.0,0.0,26.1018,14.4486
981,122.748,82.7716,40.2551,0.0,0.0,26.1277,14.4633
982,122.873,82.8543,40.2967,0.0,0.0,26.1537,14.478
983,122.998,82.9369,40.3383,0.0,0.0,26.1796,14.4927
984,123.123,83.0196,40.3799,0.0,0.0,26.2055,14.5074
985,123.248,83.1022,40.4215,0.0,0.0,26.2315,14.5221
986,123.374,83.1849,40.4631,0.0,0.0,26.2574,14.5368
987,123.499,83.2675,40.5047,0.0,0.0,26.2833,14.5515
988,123.624,83.3502,40.5463,0.0,0.0,26.3093,14.5662
989,123.749,83.4329,40.5879,0.0,0.0,26.3352,14.581
990,123.874,83.5155,40.6295,0.0,0.0,26.3611,14.5957
991,123.999,83.5982,40.6711,0.0,0.0,26.387,14.6104
992,124.124,83.6808,40.7127,0.0,0.0,26.413,14.6251
993,124.249,83.7635,40.7543,0.0,0.0,26.4389,14.6398
994,124.374,83.8462,40.7959,0.0,0.0,26.4648,14.6545
995,124.5,83.9288,40.8376,0.0,0.0,26.4908,14.6692
996,124.625,84.0115,40.8792,0.0,0.0,26.5167,14.6839
997,124.75,84.0941,40.9208,0.0,0.0,26.5426,14.6986
998,124.875,84.1768,40.9624,0.0,0.0,26.5685,14.7133
999,125.0,84.2595,41.004,0.0,0.0,26.5944,14.728
